정제역명,지하철_총하차,위도,경도,주변_버스_하차,주변_상가_수,총_유입_인구,혼잡_가성비_지수
상수,392562,37.5479431112122,126.922936675568,132876.88859940873,953,525438.8885994088,18.137184113301295
송파나루,190172,37.5109644736819,127.112736059519,349632.18285555276,710,539804.1828555528,13.152893350229094
석촌고분,215090,37.5031910142167,127.096946685767,157469.54870214604,395,372559.54870214604,10.602303474590215
공항시장,89494,37.5636056670547,126.810585519612,169696.97659243923,268,259190.97659243923,10.339826237037064
수색,94964,37.5805696334116,126.895838644026,364566.4303796406,449,459530.4303796406,9.770822414237475
당곡,138721,37.4893988,126.9271473,618758.3621076661,723,757479.3621076661,9.54480190071561
경찰병원,215629,37.4982671093405,127.125637604057,120415.10761766954,313,336044.1076176695,9.314225766265618
샛강,282629,37.5171401104498,126.930129249915,454194.76581433066,659,736823.7658143307,8.943781894622942
이태원,459767,37.5345511721489,126.994728611603,401704.20487804874,703,861471.2048780487,8.16044900832892
길동,281214,37.5378115570072,127.13999920444,496510.3060270803,628,777724.3060270803,8.074830472060443
방이,233557,37.5080339296967,127.12545355497,159634.58104280272,316,393191.5810428027,8.036774223000927
중랑,167411,37.5948120749834,127.075787938826,350289.52040064987,414,517700.52040064987,7.996885921439922
문정,630291,37.4881491599168,127.121157265226,221060.92549089578,654,851351.9254908958,7.681890558171269
언주,319748,37.5075032615458,127.034253976201,372734.0907706972,527,692482.0907706972,7.610294128820918
가오리,131550,37.6416638626631,127.016947335858,185446.4827104274,241,316996.4827104274,7.602584031247655
망원,579469,37.5560572923314,126.910033925408,364567.33919554984,717,944036.3391955498,7.595038567128955
마곡,480292,37.5601984535897,126.825547992125,163684.7512210649,489,643976.751221065,7.593430038115336
개화산,173934,37.5723151249238,126.805758404916,52922.30035119341,172,226856.3003511934,7.581858716194282
공릉,390583,37.6257624214235,127.072748334999,196843.96365043198,435,587426.963650432,7.405163303714646
몽촌토성,280681,37.5169850434993,127.110763564037,412326.27602163906,504,693007.2760216391,7.27264042059236
청구,208708,37.560348595358,127.013871322197,283749.450728849,354,492457.450728849,7.188423703077335
역촌,136613,37.6056701445833,126.92345473284,363435.7632225148,359,500048.7632225148,7.1792854712391945
마포,421605,37.5395837885645,126.945920370023,451336.83936870715,614,872941.8393687072,7.033679323654583
서울숲,536636,37.544018851909,127.044874079373,238839.12837613653,544,775475.1283761365,7.015045081260562
충무로,986464,37.5612098161095,126.994329578058,287097.66148918605,878,1273561.661489186,6.894046335916823
신방화,202038,37.5674589792073,126.816015513767,104030.84244031488,211,306068.8424403149,6.8938513614305545
을지로4가,629329,37.5665283029681,126.996543286889,455092.9723545429,746,1084421.972354543,6.87923457007052
삼성중앙,221138,37.5116361356293,127.048498319372,123808.33475083477,235,344946.33475083474,6.8126341712350715
뚝섬,834314,37.5471882244091,127.047365178682,246625.30936250577,725,1080939.3093625058,6.707123360285965
발산,724877,37.5590292668195,126.837310771961,602376.690130183,867,1327253.690130183,6.532280552084248
국회의사당,446702,37.527391784194,126.918559404672,278457.3084440971,466,725159.3084440972,6.426165284747159
중곡,307893,37.5655258842084,127.084072412789,299007.85257233056,389,606900.8525723305,6.409603107178504
굽은다리,282850,37.5460519885973,127.143168017264,212416.6012007384,317,495266.6012007384,6.400580196068908
송정,184736,37.5614792805297,126.810505903064,168632.01137757278,225,353368.0113775728,6.367281588242858
강동,536519,37.5357790488935,127.134127554194,441683.1152331375,608,978202.1152331375,6.215478059023497
마천,197256,37.4944517712179,127.151965102598,217726.53653728118,256,414982.5365372812,6.168919425963819
신당,763652,37.5653254285684,127.016667203663,518412.5036023361,788,1282064.5036023362,6.146331819910017
대흥,328010,37.5477296701945,126.942378522738,355799.91329533287,415,683809.9132953328,6.068929172248595
서초,606805,37.4927950464288,127.010569245266,529823.3673875345,685,1136628.3673875346,6.026590722131577
영등포구청,815111,37.5248125703074,126.896873381779,384915.03410119493,720,1200026.034101195,5.999864832539134
선유도,247876,37.5380543260303,126.893539940684,254170.26112324916,301,502046.2611232492,5.995451490494369
방화,209200,37.5772594115241,126.812668460937,70725.99191785583,167,279925.9919178558,5.9658412665330225
남구로,444778,37.4849197371439,126.886712086858,514518.1462965484,564,959296.1462965484,5.879304469708598
을지로3가,1134544,37.5662107085093,126.990228451524,1008181.755300187,1232,2142725.755300187,5.749683187333898
용답,95951,37.565436491924,127.054455083602,480673.11398356536,330,576624.1139835654,5.722955729767357
먹골,321496,37.6108637621251,127.077717705796,261018.32834867,319,582514.32834867,5.4762507435522725
삼전,235796,37.5046071756966,127.086801609154,334383.741111204,312,570179.741111204,5.471949111994817
4.19민주묘지,120373,37.6494567358653,127.01350634405,275404.1472341148,215,395777.1472341148,5.432336310190996
신답,56488,37.5706955438936,127.045438063504,185122.55214896286,130,241610.55214896286,5.380537430588169
암사,447023,37.5511672958111,127.128208775415,282955.42808946193,392,729978.428089462,5.370014344458468
보라매병원,229902,37.492657,126.9245,460919.20525316376,366,690821.2052531638,5.298034678342063
상계,566679,37.6610577421447,127.073630157913,395406.7875682886,506,962085.7875682886,5.259400778997645
화계,112037,37.6339844422557,127.017324101437,357202.5103614482,245,469239.5103614482,5.2212030843475254
남영,301611,37.5416256847456,126.9712367572,765393.3981175706,556,1067004.3981175707,5.2108452401544065
한성백제,100060,37.5157705224245,127.118079071988,184578.5903458923,146,284638.5903458923,5.129293497878552
증미,209641,37.5575459111161,126.861581966444,258284.87365885507,240,467925.8736588551,5.129006550176758
안암,436032,37.5860922265054,127.029371803828,500298.910034945,471,936330.910034945,5.030267525352434
삼양사거리,85746,37.6213109717103,127.020236583853,525750.760796891,306,611496.760796891,5.00410663157993
문래,680809,37.5187381167293,126.894947426945,341638.93762910884,508,1022447.9376291088,4.968463277764938
망우,234066,37.5992354426837,127.091260957504,550785.6838178512,381,784851.6838178512,4.85441418313889
둔촌동,404729,37.5276413733277,127.136190298465,470984.84631709906,424,875713.846317099,4.841758727548948
신사,796588,37.5196722763952,127.018751560774,551779.9815855504,652,1348367.9815855504,4.835471661720604
방학,307511,37.6659266659282,127.044415235348,427695.94073777896,355,735206.940737779,4.828565910805568
삼양,81070,37.6269388770237,127.018147722994,291445.7766414335,176,372515.7766414335,4.724619427527395
양천향교,322786,37.5686893763579,126.840744761831,183379.25495566122,238,506165.25495566125,4.7020123856508
상왕십리,423939,37.5639741407738,127.029808505842,526817.9795636096,446,950756.9795636096,4.69099402357591
서원,96180,37.4780091,126.9323984,343941.78991070867,206,440121.78991070867,4.680512000793981
도봉,174221,37.6752042341804,127.044897876158,249796.79310087918,197,424017.7931008792,4.646020487896897
서울대벤처타운,283165,37.4710566,126.9337724,656368.501567039,436,939533.501567039,4.640595946958845
용두,67245,37.5739418124856,127.038653729089,397055.1410484187,214,464300.1410484187,4.609077623991526
서울지방병무청,104261,37.4997,126.9266,618398.198661985,333,722659.198661985,4.607974821590479
이수,505809,37.4880715589179,126.982278960848,802530.1504438807,602,1308339.1504438808,4.601249910397991
명일,249543,37.5512602756216,127.144000929119,469160.0206132091,328,718703.0206132091,4.563770211277592
송파,291176,37.4997605091973,127.112230554691,368147.650832871,298,659323.650832871,4.519776404894932
역삼,1415661,37.5012493916368,127.038331573474,595939.4267780491,907,2011600.4267780492,4.50884547965711
보라매공원,81214,37.4958229,126.9178162,307277.3164213252,173,388491.3164213252,4.453112524685794
솔밭공원,77917,37.6561494728942,127.01299849575,160257.1879611502,106,238174.1879611502,4.450505567241963
석촌,588772,37.5066368573075,127.105622486941,509795.9531980791,486,1098567.953198079,4.4239371464594
선정릉,513610,37.5121455367751,127.043229855167,213168.03525964578,321,726778.0352596458,4.416748205805373
종로5가,725378,37.5710311532308,127.001942459411,854937.289375153,695,1580315.289375153,4.397853800993209
봉천,681754,37.4822899027313,126.942835953538,494330.8809890532,517,1176084.8809890533,4.3959374766510955
도림천,42386,37.5142838314856,126.8829716972,53285.857097265776,42,95671.85709726578,4.389959835452673
월곡,350746,37.6017497429983,127.041415624579,271189.02430245024,273,621935.0243024502,4.389519007299678
강동구청,319141,37.5306740877124,127.12057605164,459691.37899256893,341,778832.3789925689,4.3783434197579965
어린이대공원,604304,37.547134285393,127.073962678957,503067.2777758347,479,1107371.2777758348,4.325555277237705
안국,908777,37.5762179204048,126.984657242148,920247.4020023872,791,1829024.4020023872,4.324707569036637
압구정,968003,37.523542792309,127.028308776112,508806.37254623225,632,1476809.3725462323,4.279493235887432
사가정,499199,37.5807602247672,127.08868027183,725939.5283337842,522,1225138.528333784,4.260739188702296
합정,1512265,37.5501152068908,126.914638180431,821596.4208618507,994,2333861.4208618505,4.259034256324908
양평,341992,37.525649288165,126.885763033327,222048.09537368012,240,564040.0953736801,4.255009111366235
종로3가,1732032,37.570516997425,126.991117384357,1051376.05731023,1176,2783408.05731023,4.2250347533769865
용마산,178901,37.574033079196,127.08705815476,214020.21235108218,166,392921.2123510822,4.22475479323822
매봉,345010,37.4869938091855,127.046680387973,181881.26071651684,222,526891.2607165169,4.213385098845518
수락산,391419,37.6774548530417,127.055349178185,240496.87668596164,266,631915.8766859616,4.209414399485833
증산,281936,37.5836512077424,126.90937668235,371446.0761780778,274,653382.0761780778,4.193558266044253
구산,189160,37.6112122196295,126.917182386796,503805.2553485949,290,692965.2553485949,4.184907962857675
태릉입구,584046,37.6191432644048,127.075135955887,368074.21477180533,398,952120.2147718053,4.180140026555217
영등포시장,360236,37.522183016497,126.905289623098,1209767.8705536376,656,1570003.8705536376,4.178330986761027
광운대,269818,37.6234102703197,127.062256658106,139793.39277774876,171,409611.39277774876,4.174678379244808
총신대입구,643399,37.4880715589179,126.982278960848,802530.1504438807,602,1445929.1504438808,4.163409967038824
녹사평,195915,37.5344455261396,126.985524548735,278689.93831551145,197,474604.93831551145,4.150811949365815
숙대입구,487541,37.5455659244785,126.971940107137,949892.3527645544,595,1437433.3527645543,4.139319467742388
성신여대입구,844976,37.5930994534562,127.016781077977,1195710.5913476066,843,2040686.5913476066,4.13096058198359
마곡나루,890134,37.5667930302835,126.827518199814,108010.49453833282,412,998144.4945383328,4.127654758293131
오류동,330974,37.4951939156691,126.844904068063,373119.5448109958,288,704093.5448109958,4.090359769472571
을지로입구,1570329,37.5660595575016,126.982084266762,1201196.9926020904,1123,2771525.9926020904,4.051917960739954
건대입구,1764679,37.540816040886,127.069031304229,392256.74107095576,870,2156935.741070956,4.03349798551825
신용산,740585,37.5296155628471,126.968215931799,809721.5861251873,625,1550306.5861251873,4.031458051251072
종각,1157214,37.5702325959004,126.981415752051,2133209.0476403683,1326,3290423.0476403683,4.029875726658703
보라매,339908,37.4992730261984,126.920336491579,391007.0437361419,293,730915.0437361419,4.0086683349062175
삼성,1481403,37.5074093716094,127.058026248636,622155.6213987984,843,2103558.621398798,4.007492782350674
남성,328864,37.4847366181348,126.971116343137,279271.60715057736,243,608135.6071505774,3.995812735868277
충정로,454112,37.5595497452985,126.963876139766,475618.6575770109,369,929730.6575770109,3.968887119124856
논현,553747,37.5143011318846,127.03177451842,350557.7699893034,358,904304.7699893033,3.958837949294901
내방,430244,37.4881272941617,126.993214566031,285280.24639734393,283,715524.2463973439,3.9551364738686674
중화,346529,37.6018017362285,127.079420293401,453709.53496618266,316,800238.5349661827,3.948817650122146
한남,103899,37.5297434878494,127.009958891666,211110.26037997927,124,315009.26037997927,3.9363797182487237
군자,790034,37.5567298489954,127.080534516969,449561.4438948652,481,1239595.4438948652,3.8802950941733694
광화문,1074498,37.5724324798009,126.976901845925,1483746.6523983916,992,2558244.6523983916,3.877657327669006
답십리,426253,37.5664458277827,127.05318095956,435498.23545054806,334,861751.2354505481,3.875824004394668
오금,284248,37.5034129970335,127.1261679323,260784.96538607113,211,545032.9653860711,3.8713183654625922
상봉,736827,37.5967661519331,127.086029501617,396400.8035346289,438,1133227.8035346288,3.865062365462684
마포구청,399020,37.5634263131969,126.903356973848,298807.29819589277,267,697827.2981958927,3.8261561001507047
경복궁,895496,37.5757611449079,126.973206515467,1066489.271849226,748,1961985.271849226,3.8124629653753357
불암산,268899,37.670098,127.0789245,118185.88041618273,146,387084.88041618274,3.7717728128710175
공덕,1190534,37.5444872539487,126.95119513916,792357.0264151102,747,1982891.02641511,3.7672247911073033
오목교,679618,37.5246786692461,126.874009847123,676826.100339452,507,1356444.100339452,3.7377111677658212
미아,477814,37.6299413015528,127.024720753202,438289.2075476427,341,916103.2075476428,3.7222839627910562
서강대,74428,37.5522607406199,126.935322258958,1164280.8643065721,458,1238708.8643065721,3.6973952754980903
학동,626487,37.5143011318846,127.03177451842,350557.7699893034,358,977044.7699893033,3.664106749102648
독바위,84424,37.618376567324,126.93285727832,170483.11219512194,93,254907.11219512194,3.648373494242201
효창공원앞,328163,37.5396223423102,126.960983585874,480424.4589283534,293,808587.4589283534,3.6235985904167083
남부터미널,935276,37.4865945147413,127.015296934392,469932.4642845362,509,1405208.4642845362,3.6222357800526046
왕십리,1170424,37.5612217415191,127.036655378283,1010671.0113697045,788,2181095.0113697043,3.61286250532889
신대방삼거리,435454,37.4996533957204,126.92770655471,561830.5215945676,356,997284.5215945676,3.5696898460010615
삼각지,478626,37.5346530401734,126.973221681869,614826.2751069011,386,1093452.275106901,3.5301005428170935
가락시장,531228,37.4929147735248,127.118215300381,515676.3388554454,369,1046904.3388554454,3.524673972944089
동대문,1114973,37.5717670158726,127.011257206368,647804.2588738905,621,1762777.2588738906,3.522848077311273
보문,298709,37.5858876384337,127.019704709218,546740.7728817149,297,845449.7728817149,3.5129189010931636
이대,597049,37.5568526932828,126.947730357154,741767.7608505789,470,1338816.760850579,3.5105599413425703
광흥창,266658,37.5474263727384,126.932476697359,286650.5506602616,192,553308.5506602617,3.470028662452823
면목,439103,37.5892190126748,127.087355503902,570910.9352964079,350,1010013.9352964079,3.465295291868985
선릉,1811284,37.5074093716094,127.058026248636,622155.6213987984,843,2433439.621398798,3.464230820291904
북한산우이,114710,37.6628257781604,127.012716319367,123262.65086341226,82,237972.65086341224,3.4457596335766123
새절,363382,37.5911598617283,126.913285359184,700710.1190234254,366,1064092.1190234255,3.4395486020612327
신정네거리,305741,37.5183306756475,126.853629223262,516745.7367563438,281,822486.7367563439,3.416464312382134
약수,489400,37.5544485373352,127.010990910392,506100.7334764561,340,995500.733476456,3.4153632140113306
시청,1473539,37.5656084379833,126.976944701063,1065025.6644063566,864,2538564.6644063564,3.4034967545424766
압구정로데오,606652,37.529440360849,127.041260327992,493600.0435195812,370,1100252.0435195812,3.362862772152969
명동,1289984,37.5608407630906,126.985735507155,825837.720929098,710,2115821.720929098,3.3556686624871177
우장산,457439,37.549225181504,126.836413985102,371363.3682306075,278,828802.3682306075,3.3542334726932346
강남,2265088,37.4970572543978,127.028180714381,1056129.4417825728,1101,3321217.441782573,3.3150484356851533
신논현,953504,37.5064573770425,127.031325016674,317286.7513510223,420,1270790.7513510222,3.30502617406419
혜화,1239594,37.5821325777078,127.001814703064,963928.9489080026,727,2203522.9489080026,3.2992607153658504
신촌,1290762,37.5546737368641,126.937561435278,1383568.6756694065,876,2674330.6756694065,3.2755847300830037
북한산보국문,183818,37.6121317951638,127.008299068103,440495.3661280437,203,624313.3661280437,3.25156701517206
수유,1056561,37.6398219485414,127.027222545302,1688317.8431685474,891,2744878.8431685474,3.2460437283530625
아차산,491298,37.5542524123927,127.086348414384,475442.2678609836,311,966740.2678609836,3.2169931122121236
고려대,282991,37.5896788870261,127.035926346178,467632.775772875,241,750623.775772875,3.210658744268816
반포,205016,37.5083115993659,127.011859892376,290742.75181239314,158,495758.75181239314,3.1870275758043145
상월곡,193499,37.6070862978112,127.04983056816,155397.2264718237,111,348896.2264718237,3.181452633558386
흑석,303956,37.5085022297878,126.964009105551,701975.685738973,320,1005931.685738973,3.1811273710121393
대림,1069779,37.493431823863,126.894799692903,523294.9018841611,504,1593073.9018841612,3.1636930530002654
돌곶이,341886,37.6106059403082,127.057146932195,499130.62918697053,266,841016.6291869705,3.1628350080740617
사평,119380,37.5039799987575,127.015855327913,203915.81984032103,102,323295.819840321,3.1549954636231385
신정,339398,37.5247297747086,126.854286772379,650282.8431456495,311,989680.8431456495,3.142424023982329
연신내,1106955,37.6189326042759,126.920853043578,1298860.7692620396,753,2405815.7692620396,3.1299141714394785
신반포,155154,37.5037301809483,126.996852672356,375490.25825551216,162,530644.2582555122,3.0528869801375857
등촌,358657,37.5511722244569,126.864819800733,901744.3499903068,382,1260401.349990307,3.030778227309222
불광,681397,37.610345423012,126.92990725913,840066.3246251488,460,1521463.324625149,3.0234031291751293
서대문,517889,37.5661806269927,126.966945356195,1104472.5220346209,489,1622361.5220346209,3.0141228816524945
노원,1410904,37.656115126703,127.062396487596,880479.4534103001,690,2291383.4534103,3.0112799228128795
한티,481262,37.4992234916098,127.051561433136,933673.1199441666,426,1414935.1199441666,3.010736626165215
까치산,805389,37.5325400173123,126.84626068468,826819.6274285814,490,1632208.6274285815,3.002065370561235
자양,399642,37.5315323,127.0667418,83102.34950500235,144,482744.3495050024,2.9829391447821254
잠실나루,447964,37.5189317346279,127.104756814328,212731.10875113172,196,660695.1087511317,2.966568099976936
신림,1747960,37.4841196518392,126.928712092948,1524639.406715239,967,3272599.406715239,2.954836765331192
개롱,195909,37.4989326571797,127.133066334778,332449.7503908257,155,528358.7503908257,2.933607260684545
교대,1276265,37.4948693588388,127.017320865284,291804.31742155977,460,1568069.3174215597,2.9335419138371055
동묘앞,801386,37.5735966798012,127.017139169849,716231.4104106113,445,1517617.4104106114,2.9322258938569377
천호,1275336,37.5385036573161,127.125111736335,977458.6739650709,660,2252794.673965071,2.9296931258677175
구로,525766,37.5025802339725,126.882154432393,358685.8999175946,259,884451.8999175946,2.9283639640294163
구반포,68243,37.5016379257319,126.986315856936,85701.74339523954,45,153944.74339523952,2.923107778593607
응암,538256,37.598807448195,126.914481913318,629211.6364517321,341,1167467.6364517321,2.9208493432114424
구의,827341,37.5383212423161,127.090767117028,576767.0225132172,409,1404108.0225132173,2.9128792240643118
신설동,620583,37.5764587007057,127.025960657786,881936.2060137296,432,1502519.2060137296,2.875169320658391
제기동,507862,37.5782714117807,127.038773703339,1030214.0189061651,439,1538076.0189061651,2.8542133755577717
성수,1948256,37.5446825313814,127.056982849675,110802.23558396012,585,2059058.23558396,2.8411033052873336
양천구청,211871,37.5125616165928,126.865742193066,184180.3907398688,112,396051.3907398688,2.8279086963917033
홍대입구,3204078,37.5568904093718,126.923674307594,1636556.0262359125,1365,4840634.026235912,2.8198779552719695
잠실새내,731532,37.5115492555086,127.089194396018,417944.9195393182,324,1149476.9195393182,2.818670933060211
행당,210997,37.5572784369263,127.029232035475,468370.9442858892,191,679367.9442858892,2.811432603837484
애오개,190661,37.5533624029594,126.95661326016,525078.6280651136,201,715739.6280651136,2.8082798728831455
장지,473220,37.4776281970976,127.126553391079,321569.186903191,223,794789.186903191,2.805771934211895
화곡,803638,37.5412338197326,126.840795822727,884339.5422719457,466,1687977.5422719456,2.760698600900366
광나루,344788,37.5451703449549,127.103502954805,181310.12442373167,145,526098.1244237317,2.7561346002776053
마장,172345,37.5672050772282,127.044518529042,159520.44359284293,91,331865.4435928429,2.7420669295400413
화랑대,296516,37.6198958838749,127.08328701138,502390.866973872,219,798906.8669738721,2.741242251494343
금천구청,331253,37.4569216623088,126.894200511739,396408.5730267238,197,727661.5730267238,2.7072987852127044
가산디지털단지,1620345,37.4824136254197,126.882240156863,727418.2328932837,634,2347763.2328932835,2.700441514174895
신풍,336619,37.500309862029,126.909401051821,330998.3849522126,180,667617.3849522127,2.696151035638184
신금호,201485,37.5549485904848,127.019938409871,264002.0179451618,125,465487.0179451618,2.685353761667094
한성대입구,486246,37.588074768504,127.005810138183,821916.6879648919,351,1308162.687964892,2.6831504591451405
동대입구,432649,37.5592132324209,127.005112524253,283896.9278996021,192,716545.9278996021,2.6795174541157447
거여,296196,37.4942864602293,127.141950548563,351380.57711276284,170,647576.5771127628,2.625168103533607
가좌,173604,37.5693788129615,126.913682233945,671526.7273465877,220,845130.7273465877,2.603144490749644
동대문역사문화공원,1275383,37.565774720382,127.008561501324,736521.416244831,514,2011904.416244831,2.554792068502741
여의도,1629448,37.5228127393231,126.92303459092,822708.2605406418,626,2452156.260540642,2.5528542156467653
독산,459026,37.4665137152714,126.8892550997,282950.6106445438,188,741976.6106445438,2.533769177168129
서울대입구,1381590,37.4812432482705,126.951616302678,1678114.9193074973,775,3059704.9193074973,2.5329231646399717
방배,533304,37.4813404326584,126.997340567559,454354.3062177008,250,987658.3062177008,2.5312372234651406
장승배기,285468,37.5043191168216,126.938093666452,708185.3745966604,245,993653.3745966604,2.4656460663140467
창신,94970,37.5794496262255,127.015189795434,229439.80487804877,79,324409.8048780488,2.435183995480587
버티고개,66667,37.5481873499125,127.007066424918,139100.4116161616,50,205767.4116161616,2.4299162153843863
목동,521614,37.5260062180692,126.866158399555,1011572.4391735743,369,1533186.4391735743,2.406750737528218
청담,556070,37.5187222361325,127.049208534359,223498.079187297,187,779568.079187297,2.3987611231957535
영등포,1349340,37.5159748715236,126.907035121749,1815271.8731888076,757,3164611.8731888076,2.392077736943579
관악산,117143,37.4687357,126.945328,215097.07768895145,79,332240.07768895145,2.377791468457758
솔샘,165342,37.6202271595479,127.013377362071,247460.85505098963,98,412802.85505098966,2.3740088373907025
아현,320397,37.5547628142081,126.95658709769,737702.5350966973,251,1058099.5350966973,2.3721753432159614
금호,228627,37.5481125196986,127.015893753726,434625.23176214314,156,663252.2317621431,2.3520428175756702
봉은사,713734,37.5147709657409,127.063236452081,512681.8796387978,288,1226415.8796387978,2.348304273868289
신대방,725820,37.4875502276404,126.91296044203,346140.50835710415,249,1071960.5083571041,2.322844598978364
상도,373781,37.5035176275604,126.947286908877,665078.3435023983,241,1038859.3435023983,2.319849838405576
홍제,541693,37.5873166457317,126.94584271759,902714.5395374163,333,1444407.5395374163,2.3054419223154548
창동,892584,37.6533788613099,127.047681741082,620634.5148991195,347,1513218.5148991195,2.293124008667924
미아사거리,790241,37.6149930490815,127.030033187155,1389195.6410830813,497,2179436.6410830813,2.2804047733754547
쌍문,823710,37.6490575706429,127.035086481532,860503.9549348077,382,1684213.9549348077,2.2681190359979104
회현,932726,37.5576877320082,126.976719543256,1888245.3315949342,636,2820971.331594934,2.2545417864499773
고덕,304633,37.5556257920114,127.15385486024,417167.14243109844,162,721800.1424310985,2.24438547512363
한강진,392762,37.5408072813726,127.00184085731,277894.1744045072,150,670656.1744045073,2.236612172727275
구로디지털단지,1605247,37.4854463023684,126.900861931696,1342304.0471760354,656,2947551.047176035,2.2255756285236585
숭실대입구,461416,37.4958255906939,126.954053114921,556523.6108729775,225,1017939.6108729775,2.2103450593943967
대청,289952,37.4936590146577,127.079560409457,246087.77722977538,118,536039.7772297754,2.2013250672797033
염창,514484,37.5470660710582,126.875181298786,603293.1351453129,243,1117777.1351453129,2.1739555673846636
석계,649879,37.6158788397271,127.065393025369,618813.2099018402,275,1268692.2099018402,2.1675847072695924
노량진,1105059,37.5135851365497,126.940904491209,1029082.3220227754,456,2134141.322022775,2.136689738516575
정릉,134425,37.6026413699369,127.013505689707,705419.4210347978,176,839844.4210347978,2.0956237373199618
학여울,79649,37.4967336913341,127.071840101329,197769.6458820984,58,277418.6458820984,2.0906954810492993
용산,1606889,37.5297680649234,126.964300393659,708359.2044450996,482,2315248.2044450995,2.0818493278157586
낙성대,833787,37.4766620778454,126.964610228555,669377.2003126953,312,1503164.2003126955,2.0756201642713408
양재,1111777,37.4847788607946,127.03338417886,1437263.1026626898,524,2549040.10266269,2.055674973042363
옥수,300051,37.5399200863565,127.017224015058,264030.63676503435,113,564081.6367650344,2.0032525845511806
중계,410823,37.6426991530745,127.065182099347,298683.36803600856,141,709506.3680360086,1.9872943728590573
한양대,454475,37.55557788354,127.043584493543,195140.81926014562,129,649615.8192601457,1.985786023011523
이촌,526512,37.521998920847,126.974441709686,176844.03278371866,138,703356.0327837187,1.962019196052239
가양,636619,37.561758032882,126.853997037516,575412.4124696243,235,1212031.4124696243,1.938892042673731
강남구청,807192,37.5182041604522,127.047219143457,241604.67871815572,202,1048796.6787181557,1.926014941670019
상일동,415722,37.5528343493112,127.156848108078,406735.6731804971,158,822457.673180497,1.921069169214357
도봉산,522006,37.688445104073,127.046056388207,220557.67824617217,142,742563.6782461721,1.9122913351518818
회기,840447,37.5904173519961,127.059160733695,1049724.5650636982,359,1890171.5650636982,1.8992974855071068
청량리,1371511,37.5809773543627,127.046992372032,942614.2664016843,439,2314125.2664016844,1.8970442813503707
장한평,575035,37.5621614173248,127.060643724017,476143.7531647831,196,1051178.7531647831,1.8645716815787545
개포동,120405,37.4896709620887,127.069438768259,442471.9992571331,104,562876.9992571331,1.8476472723619612
잠원,214252,37.5130628777554,127.011745498864,126980.7369918854,60,341232.7369918854,1.7583255550557362
신도림,1577496,37.5087389965473,126.891109048536,979239.2052508399,416,2556735.2052508397,1.6270743893939834
신길,384408,37.5163183823639,126.917019739132,585894.9798296319,152,970302.9798296319,1.5665193914456426
강변,818260,37.5353828194655,127.09454513374,454870.5805726023,194,1273130.5805726023,1.523801647530782
구파발,670854,37.637580009726,126.918547710926,586635.1157307819,191,1257489.115730782,1.5188986188491955
월계,206553,37.6350549608173,127.058954676103,123021.30639708857,50,329574.30639708857,1.5171039525563708
당산,1216383,37.5350841820894,126.902845158061,850361.5963814273,302,2066744.5963814273,1.4612345154079842
마들,377073,37.6676176152747,127.057013687941,325352.0378534206,100,702425.0378534206,1.4236374310040538
신내,83997,37.6120569183078,127.109057500177,50564.213577186136,19,134561.21357718614,1.4119862846267333
하계,513024,37.6352528712106,127.068527631771,506096.5779332942,140,1019120.5779332942,1.3737320750671378
월드컵경기장,185563,37.569942569034,126.899033325814,274768.087375849,63,460331.087375849,1.3685772017139912
대치,360706,37.4945271673722,127.063258732024,625000.7089436668,134,985706.7089436668,1.3594293600848577
여의나루,592539,37.528172558938,126.932510800097,505804.0709261785,146,1098343.0709261785,1.3292738028520108
봉화산,234832,37.6164237212154,127.093315645828,281090.9428400541,67,515922.9428400541,1.2986410289698695
도곡,398874,37.4907201674303,127.054921283256,375909.4684575966,100,774783.4684575966,1.2906815259097173
남태령,35938,37.4643782775355,126.98927797534,35601.75546724249,9,71539.75546724249,1.2580241767395055
외대앞,400529,37.5996571844333,127.066148066316,315232.24542447785,89,715761.2454244778,1.2434296523592017
서울,3693464,37.5569027906782,126.972559906677,1198628.908622515,595,4892092.908622514,1.2162481160700704
무악재,128094,37.5824229023731,126.950566274707,309946.41832700366,52,438040.41832700366,1.1871023566356302
대방,418393,37.5133103954309,126.925701522381,670429.2132034622,128,1088822.2132034623,1.1755811085567052
암사역사공원,192631,37.557446,127.138168,192391.437434996,44,385022.437434996,1.142787574001351
신이문,242651,37.6051926960718,127.069122234388,162054.5729795856,46,404705.5729795856,1.1366259673356072
천왕,338186,37.4871010261329,126.838414183938,205911.5722157581,61,544097.572215758,1.1211203836023103
잠실,3193402,37.514062738295,127.102052316075,1772489.8440169008,498,4965891.8440169,1.0028408095837382
노들,127137,37.5139923527763,126.956113037425,195825.33885373257,32,322962.33885373257,0.9908245348705829
고속터미널,2864281,37.5048497116637,127.00487538273,911663.4638413291,374,3775944.4638413293,0.9904804070436013
디지털미디어시티,902199,37.577451111534,126.90215380378,562442.1112084131,144,1464641.1112084133,0.9831753361317175
녹번,416626,37.6007975225033,126.935891544921,502991.6044314855,90,919617.6044314855,0.978666585977114
응봉,52751,37.5504482266748,127.034927944532,242258.90737220494,28,295009.90737220494,0.9491174495685131
구룡,104103,37.4870233477351,127.059001649091,233168.12123736984,32,337271.12123736984,0.9487887668449957
대모산입구,163777,37.491715403059,127.073661942309,270938.60884984164,40,434715.60884984164,0.9201396768766354
길음,663040,37.603183910563,127.024823216768,1365232.0503394576,182,2028272.0503394576,0.8973150827475619
온수,460237,37.4913717644717,126.821429490681,243109.32668147923,62,703346.3266814792,0.881499049588022
독립문,279099,37.5744817235807,126.956039075033,377215.7589387144,57,656314.7589387144,0.8684844028760029
중앙보훈병원,322741,37.5283547394104,127.148345853457,392710.7180995822,61,715451.7180995822,0.8526070061209768
강일,175127,37.5574640324857,127.175719997694,205234.41532364563,29,380361.41532364563,0.7624307458276144
녹천,115545,37.645635169936,127.050942159434,122895.73090509155,18,238440.73090509156,0.7549014147680656
일원,317823,37.4840018638246,127.084451669321,265369.46457185276,42,583192.4645718527,0.7201726794183814
사당,2150276,37.4761137739838,126.973388761113,273614.332804878,169,2423890.3328048782,0.697225975903947
구일,310160,37.4972425500008,126.871988640708,498612.5484709435,51,808772.5484709435,0.6305844212687213
올림픽공원,504608,37.5165507138708,127.13113405652,273255.876109084,44,777863.876109084,0.5656509421030813
종합운동장,832756,37.5111083470758,127.074289621553,288095.5474444601,59,1120851.54744446,0.5263850283832588
서빙고,72887,37.5199449975773,126.990042184519,183296.3735324563,13,256183.3735324563,0.5074470320241065
개화,51598,37.5779633833321,126.798145262463,27642.794601305588,4,79240.79460130559,0.5047841256152086
개봉,685617,37.4951259236288,126.867028397511,393986.2355716276,49,1079603.2355716275,0.453870023713417
수서,1128935,37.4837274023149,127.105335605615,603669.6341360098,78,1732604.63413601,0.4501890012547251
신목동,124938,37.5446141019074,126.882839886452,261235.6970944321,16,386173.6970944321,0.4143202576549827
김포공항,860867,37.5650596091039,126.802991808588,83750.8684381967,33,944617.8684381967,0.3493472457792545
둔촌오륜,132224,37.517951803879,127.14231593727,52162.75946524065,5,184386.75946524064,0.27116767482293536
동작,137670,37.5028610391594,126.979985539966,79376.91926608606,4,217046.91926608607,0.1842911009479096
복정,252445,37.470746998775,127.126729557623,136586.9591753024,5,389031.9591753024,0.12852381480991554
광명사거리,681452,37.4798031725412,126.853074780215,11848.024390243902,8,693300.0243902439,0.1153899924933181
지축,230577,37.648701934878,126.911780084801,4601.665191509744,1,235178.66519150973,0.0425206830354864
문산,178029,37.8543287255425,126.78781995602,0.0,0,178029.0,0.0
석수,233440,37.4247264389275,126.90538054431,0.0,0,233440.0,0.0
선바위,203587,37.4519680194121,127.002056123166,0.0,0,203587.0,0.0
성균관대,489663,37.2997648058184,126.974703879219,0.0,0,489663.0,0.0
성남,35992,37.3946908,127.1194122,0.0,0,35992.0,0.0
성환,178195,36.9164601241461,127.126779482281,0.0,0,178195.0,0.0
세류,107845,37.2444663079874,127.013807468817,0.0,0,107845.0,0.0
세마,105077,37.1869283493775,127.04307971321,0.0,0,105077.0,0.0
한국항공대,92225,37.6027807,126.8683965,0.0,0,92225.0,0.0
마두,237495,37.6523242492627,126.778208451626,0.0,0,237495.0,0.0
마석,136830,37.6528483776981,127.310478905495,0.0,0,136830.0,0.0
망월사,284626,37.7139082459282,127.046618686464,0.0,0,284626.0,0.0
소래포구,178836,37.3996412665006,126.735270491237,0.0,0,178836.0,0.0
소사,241257,37.4827635064789,126.795245597947,0.0,0,241257.0,0.0
소요산,74176,37.948008933381,127.061251884744,0.0,0,74176.0,0.0
송내,754004,37.4879909862476,126.7477808556,0.0,0,754004.0,0.0
송도,76484,37.4291791142175,126.656070235263,0.0,0,76484.0,0.0
송탄,149934,37.0747771957925,127.054214120849,0.0,0,149934.0,0.0
수내,349205,37.3784609230409,127.114294479728,0.0,0,349205.0,0.0
수리산,109943,37.3500792481992,126.925480184695,0.0,0,109943.0,0.0
도화,115126,37.4663628198919,126.66562093204,0.0,0,115126.0,0.0
동두천,63093,37.928555698531,127.05520919152,0.0,0,63093.0,0.0
동두천중앙,93860,37.9013208378877,127.056351773048,0.0,0,93860.0,0.0
동암,466957,37.4739914695001,126.703096364166,0.0,0,466957.0,0.0
동인천,404824,37.4743902314824,126.633881638039,0.0,0,404824.0,0.0
두정,309083,36.8331244035683,127.149021179545,0.0,0,309083.0,0.0
수원,1718213,37.2661618976132,126.999892446997,0.0,0,1718213.0,0.0
수원시청,462923,37.2609055800354,127.031319421846,0.0,0,462923.0,0.0
수진,158604,37.4377508734894,127.140639952802,0.0,0,158604.0,0.0
숭의,128307,37.4604231369553,126.638811818662,0.0,0,128307.0,0.0
신갈,138348,37.2861169540277,127.11133984775,0.0,0,138348.0,0.0
신길온천,62043,37.3382993578048,126.765667509804,0.0,0,62043.0,0.0
신둔도예촌,47056,37.3151845065191,127.40563678435,0.0,0,47056.0,0.0
신원,6171,37.526039978744,127.372334192121,0.0,0,6171.0,0.0
세종대왕릉,12796,37.2940312141868,127.570850877543,0.0,0,12796.0,0.0
신창,83172,36.7693600065347,126.94993638048,0.0,0,83172.0,0.0
대성리,51814,37.6837121796778,127.378988696604,0.0,0,51814.0,0.0
대야미,146617,37.328210190834,126.917003311365,0.0,0,146617.0,0.0
대화,282336,37.6758454092748,126.747351605161,0.0,0,282336.0,0.0
덕계,199568,37.8188101722399,127.05608614461,0.0,0,199568.0,0.0
덕소,175280,37.5872316747168,127.208253441813,0.0,0,175280.0,0.0
덕정,196902,37.8429691004636,127.061517785246,0.0,0,196902.0,0.0
도농,272716,37.6079915308089,127.159392453205,0.0,0,272716.0,0.0
도심,69612,37.5794283315968,127.222685041585,0.0,0,69612.0,0.0
도원,109997,37.4708343935861,126.638057457853,0.0,0,109997.0,0.0
신포,60338,37.4684260674233,126.625642199275,0.0,0,60338.0,0.0
신흥,172369,37.4445404691554,127.14844826642,0.0,0,172369.0,0.0
쌍용,92624,36.793655090373,127.121594290099,0.0,0,92624.0,0.0
아산,138388,36.7946845598222,127.104589957789,0.0,0,138388.0,0.0
아신,18621,37.5136938387664,127.443105656936,0.0,0,18621.0,0.0
안산,363368,37.3270305919285,126.789570041493,0.0,0,363368.0,0.0
안양,755987,37.406224096723,126.919210526904,0.0,0,755987.0,0.0
녹양,136230,37.7600584618174,127.042261236819,0.0,0,136230.0,0.0
능곡,132496,37.6199454627999,126.819750147203,0.0,0,132496.0,0.0
단대오거리,350625,37.4445404691554,127.14844826642,0.0,0,350625.0,0.0
달월,2430,37.3802739153151,126.74573809447,0.0,0,2430.0,0.0
백석,320248,37.6440209796479,126.786709214601,0.0,0,320248.0,0.0
백양리,4115,37.8309223642888,127.589815378154,0.0,0,4115.0,0.0
백운,208342,37.4827544110592,126.707077020173,0.0,0,208342.0,0.0
상천,11809,37.7700076804732,127.454560376473,0.0,0,11809.0,0.0
서동탄,39650,37.1961350435391,127.053064272185,0.0,0,39650.0,0.0
서정리,284051,37.0562672242971,127.052734554976,0.0,0,284051.0,0.0
서현,724074,37.3850497543213,127.123346622559,0.0,0,724074.0,0.0
망포,431283,37.2467172865817,127.070674138994,0.0,0,431283.0,0.0
매교,160806,37.2693731084812,127.017359949576,0.0,0,160806.0,0.0
매탄권선,162894,37.2528497852336,127.040578557789,0.0,0,162894.0,0.0
명학,244419,37.3903305431288,126.933402226293,0.0,0,244419.0,0.0
모란,790167,37.4342606468488,127.129572324571,0.0,0,790167.0,0.0
당정,183999,37.3390395973011,126.948153981922,0.0,0,183999.0,0.0
대곡,349914,37.6323004462609,126.809620084259,0.0,0,349914.0,0.0
대공원,252170,37.4357320732488,127.005532920908,0.0,0,252170.0,0.0
야당,242582,37.7129737891699,126.761207849823,0.0,0,242582.0,0.0
야목,20256,37.2604416991353,126.885612863146,0.0,0,20256.0,0.0
야탑,806027,37.410909988688,127.128731579543,0.0,0,806027.0,0.0
양수,65893,37.5455208862652,127.329031764188,0.0,0,65893.0,0.0
양원,96415,36.9636925567535,129.091276226893,0.0,0,96415.0,0.0
양정,14557,37.6040233194228,127.194698405391,0.0,0,14557.0,0.0
양주,221280,37.774155537224,127.044851178499,0.0,0,221280.0,0.0
어천,46305,37.2500081485966,126.908736877358,0.0,0,46305.0,0.0
여주,111836,37.2829022270098,127.62855342644,0.0,0,111836.0,0.0
역곡,804436,37.4865348218713,126.8153475936,0.0,0,804436.0,0.0
연수,151065,37.418923365413,126.677270003119,0.0,0,151065.0,0.0
연천,39589,38.1007279,127.0737179,0.0,0,39589.0,0.0
영종,151581,37.511934087132,126.523737911036,0.0,0,151581.0,0.0
남동인더스파크,65782,37.4071199316831,126.694692825365,0.0,0,65782.0,0.0
남위례,242610,37.4627715,127.1392162,0.0,0,242610.0,0.0
남춘천,120636,37.8640059697998,127.723833214939,0.0,0,120636.0,0.0
남한산성입구,358163,37.4502281755962,127.159068067452,0.0,0,358163.0,0.0
영통,293040,37.2575789432719,127.077131433482,0.0,0,293040.0,0.0
오리,283388,37.33933677592,127.108961430041,0.0,0,283388.0,0.0
오목천,124566,37.2431775351782,126.963619808387,0.0,0,124566.0,0.0
오빈,10524,37.5058495677866,127.473819772652,0.0,0,10524.0,0.0
오산,367775,37.1467202778935,127.066846984736,0.0,0,367775.0,0.0
오산대,126380,37.1680546191593,127.063432245056,0.0,0,126380.0,0.0
오이도,261569,37.361553321362,126.738451796665,0.0,0,261569.0,0.0
봉명,41761,36.8015781729572,127.136340154196,0.0,0,41761.0,0.0
온양온천,179424,36.7808174067789,127.002006015411,0.0,0,179424.0,0.0
행신,226878,37.6119951443914,126.834764018192,0.0,0,226878.0,0.0
강매,81063,37.6126944323064,126.845082377154,0.0,0,81063.0,0.0
용문,82368,37.4828379413356,127.59397456763,0.0,0,82368.0,0.0
운길산,29645,37.5550422123372,127.309377682698,0.0,0,29645.0,0.0
운서,340437,37.4927983434427,126.493688287559,0.0,0,340437.0,0.0
운정,228676,37.7254089258053,126.76739700733,0.0,0,228676.0,0.0
운천,148,37.8799673,126.7699225,0.0,0,148.0,0.0
원당,351049,37.6534403227834,126.843119459034,0.0,0,351049.0,0.0
원덕,11904,37.4684287592329,127.549038709571,0.0,0,11904.0,0.0
원인재,145877,37.412810519567,126.688387572505,0.0,0,145877.0,0.0
원종,162432,37.5238457,126.8048614,0.0,0,162432.0,0.0
원흥,327687,37.6509206996283,126.873307347639,0.0,0,327687.0,0.0
군포,181951,37.3538592709153,126.94854628582,0.0,0,181951.0,0.0
굴봉산,4964,37.8321101127427,127.557703285638,0.0,0,4964.0,0.0
금곡,51328,37.6375574138126,127.208453647309,0.0,0,51328.0,0.0
금릉,151557,37.7519430941006,126.765054407328,0.0,0,151557.0,0.0
금정,869723,37.3665338178224,126.946062766832,0.0,0,869723.0,0.0
금촌,202988,37.7653982481887,126.773740427776,0.0,0,202988.0,0.0
초지,148219,37.320970028885,126.805609161189,0.0,0,148219.0,0.0
부개,240945,37.4886531879305,126.73770864384,0.0,0,240945.0,0.0
삼동,64718,37.4079348732844,127.202111069001,0.0,0,64718.0,0.0
삼송,585803,37.6533256275035,126.895390450607,0.0,0,585803.0,0.0
상갈,156434,37.2618925953318,127.109388739487,0.0,0,156434.0,0.0
상록수,476041,37.302811043395,126.865924890819,0.0,0,476041.0,0.0
미금,467044,37.351641380082,127.108898511613,0.0,0,467044.0,0.0
미사,580139,37.5660019559335,127.191645959881,0.0,0,580139.0,0.0
반월,133373,37.3120758316218,126.903565713009,0.0,0,133373.0,0.0
배방,46670,36.7777241723709,127.053378900869,0.0,0,46670.0,0.0
백마,218297,37.6584299391144,126.794069537139,0.0,0,218297.0,0.0
기흥,311288,37.275427714423,127.117343296082,0.0,0,311288.0,0.0
부천,997772,37.484080044981,126.782482120244,0.0,0,997772.0,0.0
김유정,19244,37.8181961880368,127.714519599349,0.0,0,19244.0,0.0
부천종합운동장,79775,37.505622454787,126.797591264243,0.0,0,79775.0,0.0
월곶,89798,37.3914468906661,126.742468193359,0.0,0,89798.0,0.0
월롱,56838,37.7962628848701,126.792151565414,0.0,0,56838.0,0.0
부평,998898,37.4897585231308,126.720718599242,0.0,0,998898.0,0.0
의왕,277668,37.3204950275085,126.948615408797,0.0,0,277668.0,0.0
의정부,633652,37.7375364415407,127.046294056684,0.0,0,633652.0,0.0
이매,193995,37.3939963062915,127.128231391594,0.0,0,193995.0,0.0
이천,107281,37.2645491685093,127.442233466658,0.0,0,107281.0,0.0
인덕원,788599,37.4026058278996,126.975672058342,0.0,0,788599.0,0.0
인천,196178,37.4787506991708,126.617460775108,0.0,0,196178.0,0.0
인천공항1터미널,390234,37.4468147710347,126.454045630823,0.0,0,390234.0,0.0
인천공항2터미널,295640,37.4800449691911,126.440339175177,0.0,0,295640.0,0.0
인천논현,179473,37.4011244441924,126.722695896018,0.0,0,179473.0,0.0
인하대,231125,37.4476985658327,126.649802791708,0.0,0,231125.0,0.0
일산,314495,37.6823290917417,126.769191263486,0.0,0,314495.0,0.0
사릉,64692,37.6513620056594,127.177314430632,0.0,0,64692.0,0.0
임진강,1488,37.8884055411171,126.746798353601,0.0,0,1488.0,0.0
사리,141055,37.2917348896633,126.857382401592,0.0,0,141055.0,0.0
산본,549207,37.3564913480733,126.930243898477,0.0,0,549207.0,0.0
산성,196107,37.4540047719424,127.149685440611,0.0,0,196107.0,0.0
구리,250298,37.6036759230133,127.145040943342,0.0,0,250298.0,0.0
구성,238388,37.2989284474921,127.105634521396,0.0,0,238388.0,0.0
범계,887963,37.3897482860782,126.951078362565,0.0,0,887963.0,0.0
국수,22925,37.5158666322418,127.399496114838,0.0,0,22925.0,0.0
장암,41867,37.7001518611167,127.053100797634,0.0,0,41867.0,0.0
전곡,43534,38.0245987,127.0718642,0.0,0,43534.0,0.0
정발산,266890,37.6589801992463,126.773725939404,0.0,0,266890.0,0.0
정부과천청사,405514,37.4274893017382,126.991421958483,0.0,0,405514.0,0.0
정왕,333057,37.3517323699783,126.743119607251,0.0,0,333057.0,0.0
정자,561386,37.3662189297411,127.108101811759,0.0,0,561386.0,0.0
제물포,320737,37.4666924746964,126.656409957661,0.0,0,320737.0,0.0
별내,73914,37.6421997379186,127.12726521217,0.0,0,73914.0,0.0
주안,527616,37.4649870302803,126.680555095764,0.0,0,527616.0,0.0
주엽,273366,37.6705686564857,126.760746562701,0.0,0,273366.0,0.0
죽전,476750,37.3254254496978,127.107421554669,0.0,0,476750.0,0.0
중동,261905,37.4862426744361,126.767273430756,0.0,0,261905.0,0.0
중앙,631111,37.3159711886033,126.838966907872,0.0,0,631111.0,0.0
병점,530075,37.2071255978046,127.033044852613,0.0,0,530075.0,0.0
보산,48043,37.915005249085,127.057139614282,0.0,0,48043.0,0.0
지평,2088,37.4760092113554,127.630200412607,0.0,0,2088.0,0.0
지행,216047,37.8913881899045,127.055586031812,0.0,0,216047.0,0.0
직산,34396,36.8705013353703,127.144095792545,0.0,0,34396.0,0.0
진위,48389,37.1075136040581,127.062013117631,0.0,0,48389.0,0.0
고색,169308,37.2493952261246,126.979508141905,0.0,0,169308.0,0.0
보정,67302,37.3123185563574,127.1082251592,0.0,0,67302.0,0.0
고잔,271112,37.316926002447,126.822938536407,0.0,0,271112.0,0.0
곡산,19538,37.6461657867218,126.801162996544,0.0,0,19538.0,0.0
곤지암,72451,37.3503637471389,127.346991377175,0.0,0,72451.0,0.0
공항화물청사,57913,37.4590715552905,126.47738097187,0.0,0,57913.0,0.0
과천,151672,37.4329045044765,126.996954505276,0.0,0,151672.0,0.0
관악,218183,37.4186328472833,126.909395380812,0.0,0,218183.0,0.0
광명,97296,37.4163583633797,126.884995930221,0.0,0,97296.0,0.0
천마산,50632,37.6592158335739,127.285452398086,0.0,0,50632.0,0.0
천안,246585,36.8094627728829,127.146813898581,0.0,0,246585.0,0.0
가평,73887,37.814244392793,127.511043699743,0.0,0,73887.0,0.0
철산,684059,37.4767100023479,126.869982812484,0.0,0,684059.0,0.0
청라국제도시,226814,37.5551715746212,126.618408167942,0.0,0,226814.0,0.0
청명,138405,37.2575789432719,127.077131433482,0.0,0,138405.0,0.0
청산,4399,37.9951537,127.0743434,0.0,0,4399.0,0.0
청평,63881,37.7356774972476,127.427839362759,0.0,0,63881.0,0.0
가천대,376525,37.4474748387417,127.1265767155,0.0,0,376525.0,0.0
춘천,64149,37.8850412709022,127.716942203456,0.0,0,64149.0,0.0
탄현,222080,37.6942400022744,126.761056594398,0.0,0,222080.0,0.0
탕정,69993,36.7882137,127.0845547,0.0,0,69993.0,0.0
태평,384536,37.4378284503066,127.128118342074,0.0,0,384536.0,0.0
퇴계원,97375,37.6479537886578,127.143729509097,0.0,0,97375.0,0.0
파주,38560,37.814950725901,126.792710179531,0.0,0,38560.0,0.0
판교,171456,37.3947948422615,127.110989722725,0.0,0,171456.0,0.0
팔당,34003,37.5468289479344,127.243825236229,0.0,0,34003.0,0.0
평내호평,199801,37.6532332279625,127.243895316561,0.0,0,199801.0,0.0
평촌,491038,37.3942598548007,126.963751095349,0.0,0,491038.0,0.0
평택,476032,36.9908969360148,127.085912751826,0.0,0,476032.0,0.0
평택지제,152076,37.0185779864743,127.071194951661,0.0,0,152076.0,0.0
한대앞,323829,37.3098022125073,126.853783336619,0.0,0,323829.0,0.0
강촌,19335,37.8059615222749,127.634187689052,0.0,0,19335.0,0.0
갈매,73602,37.6340429000327,127.114561646263,0.0,0,73602.0,0.0
간석,167469,37.4657735698657,126.701170149219,0.0,0,167469.0,0.0
호구포,121023,37.401887772487,126.708237117392,0.0,0,121023.0,0.0
화서,365583,37.2802725415362,126.991782161085,0.0,0,365583.0,0.0
화정,554674,37.6345627965145,126.833239548875,0.0,0,554674.0,0.0
회룡,411033,37.7139082459282,127.046618686464,0.0,0,411033.0,0.0
부발,78301,37.2595709767102,127.490231406241,0.0,0,78301.0,0.0
가능,195446,37.7479058063656,127.044358094383,0.0,0,195446.0,0.0
검암,181395,37.569139365028,126.673016743192,0.0,0,181395.0,0.0
경기광주,239994,37.399132591567,127.252643963771,0.0,0,239994.0,0.0
경마공원,208335,37.4441881599911,127.0077117258,0.0,0,208335.0,0.0
계양,278726,37.5717862619017,126.73676161817,0.0,0,278726.0,0.0
풍산,190287,37.6718136603905,126.786537312253,0.0,0,190287.0,0.0
하남검단산,208358,37.5395479564176,127.224436626271,0.0,0,208358.0,0.0
하남시청,261125,37.5418518769931,127.206215667234,0.0,0,261125.0,0.0
하남풍산,142688,37.5532868484815,127.20478693957,0.0,0,142688.0,0.0
초월,105881,37.3738557520279,127.299022778429,0.0,0,105881.0,0.0
